epoch,lr,loss,iou,val_loss,val_iou
0,0.001,0.7275319617338014,0.4089267214085141,0.3396234217593315,0.6612739461883579
